k,inertia,silhouette_score
2,25237.717441634675,0.1579002231300449
3,23347.460087547654,0.12375076684068363
4,21733.705234839323,0.11061316286138376
5,20333.076675910434,0.10450540226581705
6,19517.914447142564,0.09571114224503303
7,18875.8909604111,0.092113128242158
8,18370.56773925087,0.08485852382086245
9,18001.86718220395,0.0814335217927719
10,17679.636818550312,0.08015282502245287
